name,category
a sunset view of a mountain with a red sky,sunrise mountain
closeup photography of glass on top of wood branch,Nature images
pink and brown cherry blossom tree during nighttime,Hd pink wallpapers
white flower,Flower images
a man riding skis down the side of a snow covered slope,breathe
Antelope Canyon,Nature images
an aerial view of a lava with a red light,Nature images
mountain reflection on body of water,Nature images
five birds flying on the sea,san diego
landscape photography of mountains,Nature images
orange smoke on blue background,Hd aesthetic wallpapers
sun light passing through green leafed tree,Nature images
seashore during golden hour,sea
silhouette of tree near sea,Tree images & pictures
a view of a sunset over a body of water,lake nipissing
body of water near mountain under cloudy sky during daytime,bavaria
person holding string lights on clear glass jar above body of water,Italy pictures & images
the sun is shining on the ocean waves,hd nature wallpaper
a large cloud with a lightning bolt in the sky,Beautiful pictures & images
silhouette photography of person,Hd sky wallpapers
